cue1,cue2,cue3,solution,2sec_pct_solving,7sec_pct_solving,7sec_mean_time,7sec_time_sd,15sec_pct_solving,15sec_mean_time,15sec_time_sd,30sec_pct_solving,30sec_mean_time,30sec_time_sd,in_lexicon,cue1_page_rank,cue1_closeness,cue1_betweenness,cue1_in_strength,cue1_out_strength,cue1_in_dc,cue1_out_dc,cue1_degree,cue1_strength,cue2_page_rank,cue2_closeness,cue2_betweenness,cue2_in_strength,cue2_out_strength,cue2_in_dc,cue2_out_dc,cue2_degree,cue2_strength,cue3_page_rank,cue3_closeness,cue3_betweenness,cue3_in_strength,cue3_out_strength,cue3_in_dc,cue3_out_dc,cue3_degree,cue3_strength,solution_page_rank,solution_closeness,solution_betweenness,solution_in_strength,solution_out_strength,solution_in_dc,solution_out_dc,solution_degree,solution_strength,cue1_solution_dijkstra_spl,cue2_solution_dijkstra_spl,cue3_solution_dijkstra_spl,cue1_solution_standard_spl,cue2_solution_standard_spl,cue3_solution_standard_spl
cream,skate,water,ice,34,76,3.42,1.16,92,4.04,1.87,90,4.12,3.58,True,0.000328946716535,0.0077814593194499996,0.000389941009243,0.9394199990000001,0.837837815,0.0018839487565899997,0.0013187641296200001,34,1.7772578140000002,7.48852946686e-05,0.00780568136558,0.000321673379547,0.173031061,0.830985913,0.000565184626978,0.0013187641296200001,20,1.004016974,0.0054737487687200005,0.00732023399227,0.0031912964939600002,26.38968798,0.724637687,0.025998492840999997,0.0016955538809300002,294,27.114325667,0.00128876879381,0.00759862164988,0.00124792304189,4.244150844,0.864130443,0.00433308214017,0.0016955538809300002,64,5.108281287,0.072316884,0.027507326,0.028985508,1,1,1
loser,throat,spot,sore,22,61,4.19,1.49,86,5.38,3.02,82,6.31,4.06,True,0.00015366800506600003,0.00719869993341,0.00021344615846599998,0.953883072,0.7954545479999999,0.00150715900528,0.00103617181613,27,1.74933762,0.00017850414452500002,0.00803309014521,0.000372725462433,0.548918015,0.875706222,0.00103617181613,0.00141296156745,26,1.424624237,0.00011674894957999999,0.00769285353274,0.00031163245624,0.918150461,0.855172437,0.00178975131876,0.0011303692539600002,31,1.7733228980000002,0.00013961239569,0.0072574968602399995,0.0010276039756900001,0.824804823,0.7785714290000001,0.0025433308214,0.0016013564431,44,1.603376252,0.030303031,0.044953282,0.053285025,1,1,4
show,life,row,boat,31,72,4.42,1.44,82,5.67,2.34,79,10.3,7.22,True,0.00039603418226099994,0.00769242481986,0.0024375084524799998,3.11790295,0.81756757,0.00678221552374,0.0022607385079099996,96,3.93547052,0.00119062587333,0.007082824048170001,0.00409179382803,3.5681926410000004,0.854545459,0.0100791258478,0.00103617181613,118,4.422738099999999,0.00010917551047799998,0.007447754828879999,0.000253077412102,0.501732512,0.902173916,0.000753579502638,0.0008477769404669999,17,1.4039064280000002,0.00120835840394,0.00728911920381,0.00153305331744,9.444663348999999,0.8740157390000001,0.00687641296157,0.00150715900528,89,10.318679088,0.02027027,0.06323590300000001,0.054403968,1,4,1
night,wrist,stop,watch,38,65,4.33,1.31,82,6.0,3.0,97,6.27,5.83,True,0.0028208969911399998,0.00693059615323,0.00045427302295399997,4.412861916000001,0.948717923,0.00518085908063,0.000565184626978,61,5.361579839,5.25995596099e-05,0.007933798981689999,2.43857333166e-05,0.228449304,0.898648654,0.000565184626978,0.0006593820648080001,13,1.127097958,0.00199956860566,0.0073657467118399995,0.000894196798902,6.956764424,0.9050279290000001,0.00885455915599,0.000753579502638,102,7.861792352999999,0.000537799655774,0.00754988644623,0.00149724675487,2.26698365,0.9151515159999999,0.0042388847023400004,0.0013187641296200001,59,3.182135166,0.06992889299999999,0.054179239,0.07899295,2,1,4
duck,fold,dollar,bill,31,69,4.33,1.25,80,6.05,2.82,92,6.58,4.28,True,0.000148476842884,0.00787136522077,0.00086864413548,1.73124152,0.8986486370000001,0.0016955538809300002,0.00150715900528,34,2.6298901569999997,6.45306459597e-05,0.008041827427310001,0.0006983743909330001,0.49521111100000004,0.84768212,0.0008477769404669999,0.00178975131876,28,1.342893231,0.000495918009251,0.00764837527899,0.000135275152358,1.001357094,0.898648672,0.00150715900528,0.0008477769404669999,25,1.900005766,0.000360261492415,0.00774387689271,0.0021123120976300003,1.308606881,0.75000002,0.00273172569706,0.00150715900528,45,2.058606901,0.013513514,0.051524165,0.053574145000000004,1,3,1
dew,comb,bee,honey,30,66,4.24,1.5,80,5.63,3.15,1000,4.12,2.14,True,5.68551322943e-05,0.00782286396778,0.000447990235768,0.193047778,0.89864864,0.000565184626978,0.00122456669179,19,1.091696418,0.00039902701350800004,0.007551185283680001,0.0,0.3850734,0.9515151,0.000565184626978,0.00018839487565900002,8,1.3365885,0.000448454146632,0.0076625058286800005,0.000118698533058,4.173003748,0.921259851,0.0016955538809300002,0.0006593820648080001,25,5.094263599,0.00020840805334,0.007732172291699999,0.00038582347639699996,0.591059172,0.8641975270000001,0.0009419743782969999,0.0009419743782969999,20,1.455256699,0.07227831100000001,0.37963203,0.09262360200000001,4,5,1
fountain,baking,pop,soda,34,71,4.25,1.23,78,6.01,2.69,92,5.5,3.3,True,3.80561159721e-05,0.00761632330211,9.63005742184e-05,0.09287859400000001,0.935714307,0.00018839487565900002,0.0006593820648080001,9,1.028592901,2.92643510766e-05,0.0,0.0,0.013333333999999999,0.0,9.41974378297e-05,0.0,1,0.013333333999999999,0.000335241705184,0.0074817441248000004,0.00027827067880000005,1.800344937,0.905405418,0.0016013564431,0.00141296156745,32,2.705750355,0.0005044345475650001,0.00749132600799,0.000499951902957,2.240610863,0.8851351559999999,0.0028259231348899995,0.0011303692539600002,42,3.1257460189999997,0.014285714,NaN,0.059635723,1,NaN,1
aid,rubber,wagon,band,22,56,4.21,1.5,75,5.41,2.15,69,6.51,4.62,True,0.000147154880573,0.0077802410493799995,0.00011856542315999999,0.973950955,0.912162178,0.0018839487565899997,0.0006593820648080001,27,1.886113133,8.76141961511e-05,0.00793527225323,0.00100517939487,0.592103469,0.8445946,0.0016013564431,0.0018839487565899997,37,1.436698069,8.40553196429e-05,0.008090055189209999,0.00016195924991299997,0.7532621829999999,0.885135142,0.0013187641296200001,0.00122456669179,27,1.638397325,0.000184358221608,0.007635523507300001,0.00137591708283,1.756322605,0.77397259,0.0034853051996999998,0.0013187641296200001,51,2.530295195,0.05433110000000001,0.053918011,0.050755916,4,1,4
flake,mobile,cone,snow,9,47,4.2,1.61,71,6.72,3.1,79,8.68,7.02,True,7.31789117854e-05,0.00780363816592,0.00031271952040700003,0.100619203,0.89928058,0.000376789751319,0.0008477769404669999,13,0.9998997829999999,3.70810255221e-05,0.0,0.0,0.05096276,0.0,0.00018839487565900002,0.0,2,0.05096276,7.56851631732e-05,0.00787638113575,9.41086978977e-05,0.250821458,0.84931507,0.000376789751319,0.0008477769404669999,13,1.100136528,0.0007572233410059999,0.007547861813290001,0.000687463816293,3.105624909,0.8974359059999999,0.00405048982668,0.0013187641296200001,57,4.003060815,0.066772098,NaN,0.02739726,1,NaN,1
cracker,fly,fighter,fire,17,45,4.95,1.54,68,5.91,2.54,85,6.12,3.87,True,0.000176775591624,0.0076361493166599995,0.00018074549352000002,1.275348135,0.852112685,0.0009419743782969999,0.0016955538809300002,28,2.12746082,0.00103049581458,0.007451648338680001,0.0056409889391,5.490081871,0.756345178,0.006028636021100001,0.00178975131876,83,6.246427048999999,7.30039594305e-05,0.008021320984369999,2.90445797472e-05,0.5121543620000001,0.777027001,0.0006593820648080001,0.00122456669179,20,1.289181363,0.0010751199348699998,0.007445396199770001,0.000981605631933,8.23155994,0.854545448,0.0085719668425,0.0016955538809300002,109,9.086105388,0.077033688,0.047993320000000006,0.063355431,3,3,1
safety,cushion,point,pin,24,51,3.91,1.58,66,5.83,2.78,74,5.0,2.84,True,8.43706818956e-05,0.00765329975206,0.00032211707920700003,0.659282522,0.857142893,0.00122456669179,0.00178975131876,32,1.516425415,8.01170608794e-05,0.00806904164967,8.66012996495e-05,0.40022342200000005,0.9496402820000001,0.000753579502638,0.0011303692539600002,20,1.349863704,0.00039733514930099997,0.00783277564764,0.00314627428945,2.086250442,0.8106509040000001,0.005651846269779999,0.0022607385079099996,84,2.8969013460000004,0.000223448206982,0.00770527245303,0.0006732787381610001,1.015158523,0.727777797,0.00197814619442,0.00141296156745,36,1.74293632,0.035714287,0.05035971,0.03550296,1,1,1
cane,daddy,plum,sugar,19,60,4.43,1.53,66,6.14,3.11,97,5.45,4.92,True,0.00010021703439899999,0.007695183842590001,0.00021475950946,0.30608458899999996,0.8489208840000001,0.0006593820648080001,0.0013187641296200001,21,1.155005473,2.99014616716e-05,0.0,0.0,0.032894738,0.0,9.41974378297e-05,0.0,1,0.032894738,3.78846382566e-05,0.00792249487653,2.34273420509e-06,0.15334420199999999,0.9133858290000001,0.000376789751319,0.00122456669179,17,1.0667300309999999,0.00027985023034099996,0.0076732172625499995,0.00023710422434,1.518665165,0.929133868,0.0032027128862100003,0.0011303692539600002,46,2.447799033,0.07190726800000001,NaN,0.023622047,1,NaN,1
dream,break,light,day,24,56,4.36,1.49,64,5.35,2.56,56,7.91,6.72,True,0.000723617108755,0.00776310809263,0.00022530181338299997,2.640784088,0.739726035,0.00273172569706,0.0009419743782969999,39,3.380510123,0.000748079780597,0.007626651677540001,0.0031367258727700003,4.897271986,0.769230787,0.00744159758855,0.0024491333835700005,105,5.6665027729999995,0.0027161381661700004,0.00712349897489,0.0012504521299500002,9.901292601,0.847682122,0.00894875659382,0.0011303692539600002,107,10.748974723,0.00221705080629,0.00687342582469,0.000839417638872,3.926075995,0.9202898340000001,0.00461567445365,0.000565184626978,55,4.846365829,0.057683770999999995,0.049032943999999995,0.052980132,2,3,1
fish,mine,rush,gold,17,46,4.27,1.09,63,6.48,3.32,74,9.07,6.83,True,0.0007893699084330001,0.00740481877262,0.0032694675000599998,11.46976022,0.82424242,0.00847776940467,0.0022607385079099996,114,12.29400264,0.000315021354579,0.00685957824865,0.000377211265996,2.093530125,0.835616465,0.0025433308214,0.00103617181613,38,2.92914659,6.36923186741e-05,0.00719467527976,2.29215244384e-05,0.449781548,0.7379310309999999,0.000753579502638,0.00103617181613,19,1.187712579,0.00071609139525,0.00743153143298,0.0008065128720819999,4.1080146719999995,0.923857842,0.00461567445365,0.00150715900528,65,5.031872514,0.030303031,0.045306399000000004,0.0813044,1,1,3
political,surprise,line,party,7,26,5.06,1.29,61,7.84,3.43,90,8.79,5.2,True,2.93905031971e-05,0.0,0.0,0.013888889,0.0,9.41974378297e-05,0.0,1,0.013888889,5.3984636825000004e-05,0.00787463083035,0.00032722849929100003,0.329062905,0.806666674,0.0011303692539600002,0.0013187641296200001,26,1.1357295790000002,0.000359209709751,0.00775176042027,0.00127899976608,2.8934834019999998,0.755905519,0.0064054257724200005,0.0016955538809300002,86,3.6493889210000003,0.000666391961228,0.007576879717189999,0.005292928740770001,5.5462235170000005,0.836956513,0.00791258477769,0.00207234363225,106,6.38318003,NaN,0.026153847,0.052322649,NaN,1,3
measure,worm,video,tape,10,45,4.74,1.59,58,6.12,2.9,87,8.36,5.24,True,0.000156328343058,0.00788920635043,0.0010850497706800001,1.49203895,0.8378378459999999,0.0024491333835700005,0.00216654107008,49,2.3298767959999998,0.00020960352796300003,0.00799595691234,0.0008305081496980001,1.088309346,0.793939391,0.0016013564431,0.00216654107008,40,1.8822487369999998,5.57976274447e-05,0.00790606931905,0.0003897901513580001,0.15145287300000002,0.880794686,0.000565184626978,0.00150715900528,22,1.032247559,0.00011713871509,0.00776811077097,0.00102956956518,1.061793319,0.856115113,0.0018839487565899997,0.0016955538809300002,38,1.917908432,0.04054054,0.058082802999999995,0.027737787,1,3,1
worm,shelf,end,book,17,49,4.31,1.38,53,5.88,2.9,85,6.76,6.25,True,0.00020960352796300003,0.00799595691234,0.0008305081496980001,1.088309346,0.793939391,0.0016013564431,0.00216654107008,40,1.8822487369999998,4.89572225701e-05,0.00802825225304,0.0004655119353430001,0.32745193300000003,0.80263158,0.0006593820648080001,0.00178975131876,26,1.130083513,0.00108738261996,0.00721301628431,0.000663304369803,5.487210419,0.87394962,0.007253202712890001,0.000753579502638,85,6.361160039,0.00168607819203,0.00793217419306,0.0011063739763399999,13.615226048,0.929133868,0.0140354182366,0.00141296156745,164,14.544359916,0.052321241,0.040108893,0.055649685,3,1,3
piece,mind,dating,game,6,19,5.61,1.22,53,7.83,2.41,46,15.34,7.78,True,0.000246435528009,0.00790280278833,0.000675568228407,2.089301984,0.8239436529999999,0.0028259231348899995,0.00122456669179,43,2.9132456369999997,0.000406580227981,0.00799722094201,0.000905591006172,2.3029813999999997,0.769230765,0.0048040693293100005,0.0009419743782969999,61,3.072212165,3.00505005619e-05,0.0,0.0,0.026578367000000002,0.0,0.00018839487565900002,0.0,2,0.026578367000000002,0.00108943225679,0.00777732588598,0.000675506110454,7.052078311,0.7972973040000001,0.009325546345139999,0.00122456669179,112,7.849375615,0.061064374000000005,0.03962074,NaN,2,3,NaN
flower,friend,scout,girl,9,22,5.26,1.47,51,8.06,2.94,67,11.43,7.7,True,0.000984672200608,0.00763789945996,0.00300976121504,9.041815738,0.88484849,0.004898266767140001,0.00197814619442,73,9.926664228,0.0019299609174400002,0.00698806738106,0.00510914834157,9.797119433999999,0.836158195,0.0107385079126,0.00207234363225,136,10.633277629,8.14308053189e-05,0.007071793141090001,0.0008935578713919999,0.21568510899999999,0.87837841,0.000565184626978,0.0009419743782969999,16,1.094063519,0.00387509313257,0.00686561823261,0.00187693830196,5.583474705,0.8859060059999999,0.011963074604400001,0.000753579502638,135,6.469380711,0.031339713,0.028060264,0.040311698,2,1,1
river,note,account,bank,2,29,5.64,0.99,50,7.98,2.81,79,10.53,5.88,True,0.00021977679859599996,0.0073968439635499995,0.000460839777923,2.8985382160000004,0.795275596,0.0028259231348899995,0.0018839487565899997,50,3.6938138119999997,0.000232216006395,0.00803957170617,0.000901797374079,0.564263909,0.888888883,0.00141296156745,0.00150715900528,31,1.4531527919999998,7.099520019699999e-05,0.00761436844711,0.00018370940724899998,0.781345863,0.8936170240000001,0.0006593820648080001,0.0013187641296200001,21,1.674962887,0.000379183203819,0.007240256893430001,0.0006107969520319999,2.853796225,0.923611104,0.0034853051996999998,0.000565184626978,43,3.777407329,0.031496063,0.064316392,0.048673855,1,3,1
print,berry,bird,blue,10,38,4.91,1.47,49,7.18,3.77,77,13.24,7.94,True,0.00027694422274400005,0.007837408428359999,0.000377437552822,0.609926205,0.868055558,0.00122456669179,0.0011303692539600002,25,1.477981763,3.34939071338e-05,0.00786059848809,6.78860479884e-06,0.094016089,0.794701978,0.000376789751319,0.0009419743782969999,14,0.888718067,0.00108689265663,0.007483142332960001,0.00198616828428,15.326124317,0.8030303129999999,0.00744159758855,0.00216654107008,102,16.12915463,0.0025864309673299998,0.00778178376083,0.000770990277298,3.8709922110000003,0.836879432,0.005746043707609999,0.0013187641296200001,75,4.707871643,0.047492493000000004,0.08932512,0.02020202,2,2,1
pie,luck,belly,pot,15,38,4.35,0.93,49,5.31,2.03,44,8.68,4.36,True,0.00041201882037,0.007865039165060001,0.0007464803080770001,3.6440743980000003,0.891304346,0.00339110776187,0.00197814619442,57,4.535378744,9.51826209917e-05,0.00726975586204,0.00057688942401,0.432427423,0.763513509,0.00122456669179,0.00150715900528,29,1.195940932,0.000100053126575,0.00792308386792,0.000174373966402,0.119538351,0.8958333759999999,0.000565184626978,0.0011303692539600002,18,1.015371727,0.000384679574827,0.00774803392182,0.0009319290179930001,2.1749053480000002,0.863309392,0.00376789751319,0.00141296156745,55,3.03821474,0.046576678999999996,0.079501122,0.063484892,3,4,3
date,alley,fold,blind,13,40,4.51,1.22,47,6.99,3.33,85,7.06,5.42,True,0.00012088829950399998,0.007281358994560001,0.000885753194371,1.150986936,0.71126761,0.00235493594574,0.0018839487565899997,45,1.862254546,9.46854820829e-05,0.00751825830969,0.000365049458314,0.20213815300000001,0.8714285890000001,0.0006593820648080001,0.0016955538809300002,25,1.0735667420000001,6.45306459597e-05,0.008041827427310001,0.0006983743909330001,0.49521111100000004,0.84768212,0.0008477769404669999,0.00178975131876,28,1.342893231,0.00019839461576499998,0.007923484363729999,0.00056039267065,0.738109007,0.8315217229999999,0.0016013564431,0.00178975131876,36,1.56963073,0.049904349,0.071064926,0.07272072,4,4,4
opera,hand,dish,soap,16,33,5.26,1.41,47,6.54,3.11,62,7.92,6.45,True,6.37814786576e-05,0.00752155626671,0.00022619364969900002,0.436566697,0.833333342,0.000753579502638,0.00150715900528,24,1.2699000390000001,0.00085515293338,0.00786255873713,0.00148563957176,3.707374932,0.860606035,0.00414468726451,0.00150715900528,60,4.567980967,0.000197661549028,0.007703177037,0.000257390172798,1.117179299,0.878787859,0.0018839487565899997,0.00141296156745,35,1.995967158,0.00025526674749999997,0.007778862908689999,0.000977998353697,4.070466429,0.913043464,0.00395629238885,0.00207234363225,64,4.983509893,0.060662638,0.045904994,0.07014741699999999,3,2,2
cadet,capsule,ship,space,18,34,4.13,1.49,47,5.53,2.78,74,5.46,3.96,True,3.63144311331e-05,0.0,0.0,0.015228426000000002,0.0,9.41974378297e-05,0.0,1,0.015228426000000002,3.35076011983e-05,0.0,0.0,0.048236343,0.0,0.00018839487565900002,0.0,2,0.048236343,0.000464613143465,0.00724701699833,0.000345233831496,4.835484921,0.8661417840000001,0.00470987189148,0.0008477769404669999,59,5.701626705,0.000469656938644,0.00773606105076,0.00304421893064,4.553197063,0.8020304420000001,0.007818387339859999,0.00235493594574,108,5.355227505,NaN,NaN,0.052463007,NaN,NaN,3
fur,rack,tail,coat,2,16,5.42,1.35,46,7.89,3.49,79,8.0,6.76,True,0.000132445292392,0.00768272653304,0.000240605014658,0.761979502,0.837837815,0.0016955538809300002,0.00122456669179,31,1.5998173169999998,5.61713928888e-05,0.00793717404797,0.000492062923001,0.184668743,0.797385639,0.000565184626978,0.0022607385079099996,30,0.9820543820000001,0.000199299447108,0.00763506323858,0.0008871242263210001,1.2929678709999999,0.85616438,0.00216654107008,0.0016013564431,40,2.149132251,0.00035504122693699996,0.00767635086698,0.000930056605428,2.876860246,0.864864862,0.0030143180105500003,0.0016013564431,49,3.7417251080000002,0.047117116,0.019607844,0.02739726,1,1,1
stick,maker,point,match,1,4,5.42,1.23,46,6.65,3.46,21,12.19,8.15,True,0.000331091196062,0.00768788597547,0.00230222442613,3.058909944,0.7865168579999999,0.00518085908063,0.0022607385079099996,79,3.845426802,5.58125154456e-05,0.0075461468475200005,0.0005921881882890001,0.544775981,0.698630135,0.000753579502638,0.0016013564431,25,1.2434061159999998,0.00039733514930099997,0.00783277564764,0.00314627428945,2.086250442,0.8106509040000001,0.005651846269779999,0.0022607385079099996,84,2.8969013460000004,0.000130807024419,0.0079020644287,0.0013369646896699999,0.6278046939999999,0.8639455779999999,0.00178975131876,0.0016955538809300002,37,1.491750272,0.059825711000000004,0.044976358,0.058298966,3,3,3
hound,pressure,shot,blood,4,32,4.51,1.43,42,6.48,3.94,72,6.98,5.32,True,5.56472095508e-05,0.007067190238770001,0.000247105214678,0.271866591,0.897260285,0.000376789751319,0.000470987189148,9,1.169126876,0.00010771974825200001,0.00782617788439,0.0007604657213620001,0.70605798,0.795918372,0.0018839487565899997,0.00197814619442,41,1.5019763519999998,0.000113966189065,0.007329086268310001,0.000627959254883,1.027219185,0.813793105,0.0016013564431,0.00122456669179,30,1.84101229,0.0007024673375410001,0.00781948514157,0.00531161737045,4.558631623999999,0.8370786579999999,0.00678221552374,0.0018839487565899997,92,5.3957102820000005,0.01369863,0.047620307,0.027586207,1,1,1
fox,man,peep,hole,16,41,4.23,1.32,42,5.7,2.61,64,7.06,4.8,True,7.28265999672e-05,0.00748451580924,0.0010110140454000001,0.587134775,0.8133333559999999,0.00122456669179,0.0016955538809300002,31,1.400468131,0.00278437304169,0.006537052387890001,0.00620573874041,7.020901015,0.853333338,0.0161077618689,0.0008477769404669999,180,7.874234352999999,2.92894298056e-05,0.0,0.0,0.013071896000000001,0.0,9.41974378297e-05,0.0,1,0.013071896000000001,0.0004980246356889999,0.00804446761178,0.00288524577944,3.803754073,0.748031496,0.0049924642049700005,0.0022607385079099996,77,4.551785569,0.04,0.02,NaN,1,1,NaN
sleeping,bean,trash,bag,27,68,4.02,1.59,41,5.94,3.11,82,6.8,6.36,True,3.13582732647e-05,0.0,0.0,0.072724042,0.0,0.00018839487565900002,0.0,2,0.072724042,0.000113656097374,0.00784881752438,0.00070981296817,0.502204092,0.813333338,0.0011303692539600002,0.00178975131876,31,1.31553743,0.00018710370982900004,0.007701970777500001,0.00026354872408,1.402411766,0.94155846,0.00178975131876,0.00103617181613,30,2.343970226,0.00032081914620099995,0.008006189966279999,0.0007168145488049999,2.527657999,0.91338583,0.00339110776187,0.0016013564431,53,3.441043829,NaN,0.05825048,0.024098124,NaN,3,1
dust,cereal,fish,bowl,11,24,4.43,1.78,41,6.39,3.29,49,9.53,6.64,True,9.78602350794e-05,0.007673238229479999,0.00042624451542900004,1.05564707,0.81756758,0.00197814619442,0.00150715900528,37,1.87321465,0.000145587686239,0.0076676630556300005,0.00048967581883,1.437607244,0.781250008,0.00197814619442,0.00103617181613,32,2.218857252,0.0007893699084330001,0.00740481877262,0.0032694675000599998,11.46976022,0.82424242,0.00847776940467,0.0022607385079099996,114,12.29400264,0.000200962234506,0.00789036601104,0.00129155646646,0.959918108,0.850000018,0.0022607385079099996,0.00207234363225,46,1.809918126,0.074302505,0.03125,0.018181818,3,1,1
light,birthday,stick,candle,8,36,5.14,1.65,41,7.97,3.02,46,9.74,6.83,True,0.0027161381661700004,0.00712349897489,0.0012504521299500002,9.901292601,0.847682122,0.00894875659382,0.0011303692539600002,107,10.748974723,0.000161819752468,0.00788040045973,0.000938486898969,0.768958631,0.85897439,0.00150715900528,0.00141296156745,31,1.627933021,0.000331091196062,0.00768788597547,0.00230222442613,3.058909944,0.7865168579999999,0.00518085908063,0.0022607385079099996,79,3.845426802,0.00011986548004299998,0.007909602408239999,9.97081876076e-05,1.541230308,0.86956521,0.0013187641296200001,0.000753579502638,22,2.410795518,0.07616632300000001,0.06410257,0.063205241,3,1,4
food,forward,break,fast,4,24,4.75,1.58,41,7.54,3.24,82,7.73,5.77,True,0.00394956350398,0.006931149132600001,0.008800316872549998,24.351140426999997,0.7388888929999999,0.0305199698568,0.0016955538809300002,342,25.09002932,0.000190156602104,0.00700959529537,0.000159723003627,1.397888275,0.893939406,0.00141296156745,0.00122456669179,28,2.291827681,0.000748079780597,0.007626651677540001,0.0031367258727700003,4.897271986,0.769230787,0.00744159758855,0.0024491333835700005,105,5.6665027729999995,0.00159548060338,0.00733659671798,0.000524967689791,5.862401018,0.881889775,0.00800678221552,0.0006593820648080001,92,6.744290792999999,0.04485078,0.026262627,0.035987076,2,2,3
shine,beam,struck,moon,3,22,4.55,1.8,41,6.08,2.62,62,6.17,4.93,True,0.00052376125428,0.00788337152932,0.000153582200331,1.6239251730000002,0.897637795,0.0028259231348899995,0.0008477769404669999,39,2.521562968,6.51446623145e-05,0.007418910097959999,1.22283626311e-05,0.70675776,0.8181818259999999,0.000565184626978,0.00122456669179,19,1.524939586,3.19852848733e-05,0.0,0.0,0.06622516,0.0,9.41974378297e-05,0.0,1,0.06622516,0.000644711881272,0.00773848652538,0.000523609968831,2.396154865,0.826771673,0.0034853051996999998,0.0009419743782969999,47,3.2229265380000003,0.015748031,0.040742167,NaN,1,2,NaN
peach,arm,tar,pit,15,39,3.86,1.27,41,5.0,2.39,67,10.01,7.97,True,6.71743709589e-05,0.0080535540779,0.000155596596788,0.56632191,0.814432968,0.0009419743782969999,0.0009419743782969999,20,1.380754878,0.000926061769113,0.00764187918534,0.000181153697207,3.93860588,0.892857145,0.00405048982668,0.000565184626978,49,4.831463025,4.89866981533e-05,0.007982324865759999,0.000125451641884,0.135985731,0.9183673720000001,0.000470987189148,0.00150715900528,21,1.054353103,6.27262132023e-05,0.00799697433192,0.0010255052763,0.51194896,0.816901419,0.0013187641296200001,0.0018839487565899997,34,1.3288503790000001,0.062423898,0.08827042399999999,0.073850846,1,5,3
palm,shoe,house,tree,12,25,4.84,1.72,41,7.79,3.19,51,13.9,7.9,True,4.11912041084e-05,0.00811839053462,9.27421029447e-05,0.152241657,0.873015898,0.000565184626978,0.000753579502638,14,1.025257555,0.0008518361260930001,0.00779480949328,0.0007367455375349999,3.58254977,0.96153848,0.0028259231348899995,0.0013187641296200001,44,4.54408825,0.002466201171,0.00722674343467,0.00524587439182,11.149341792000001,0.842424217,0.0174265259985,0.00122456669179,198,11.991766009000001,0.00206395410324,0.00765892371222,0.0030141804636599997,14.397067513,0.82432432,0.009984928409950002,0.00197814619442,127,15.221391833,0.046176047,0.012820513,0.046526717999999995,1,1,3
basket,eight,snow,ball,7,25,5.27,1.14,39,9.57,3.57,72,10.87,7.18,True,8.55565404799e-05,0.00813368277334,0.0009041179233010001,0.912970539,0.8391608290000001,0.00141296156745,0.00178975131876,34,1.7521313680000001,9.24857119375e-05,0.0076805883343,0.000299763490333,0.5895013410000001,0.848275845,0.000753579502638,0.000753579502638,16,1.437777186,0.0007572233410059999,0.007547861813290001,0.000687463816293,3.105624909,0.8974359059999999,0.00405048982668,0.0013187641296200001,57,4.003060815,0.00137169202662,0.00781741686773,0.00188417504342,7.6729249710000005,0.766304338,0.00791258477769,0.0016013564431,101,8.439229309,0.054988215,0.055172414,0.012820513,1,1,1
wheel,hand,shopping,cart,16,31,5.08,1.36,39,7.96,3.33,49,10.65,6.2,True,0.000261465316615,0.0078203300617,0.0005649982731209999,0.94878896,0.8671328759999999,0.00197814619442,0.0013187641296200001,35,1.815921836,0.00085515293338,0.00786255873713,0.00148563957176,3.707374932,0.860606035,0.00414468726451,0.00150715900528,60,4.567980967,0.00016832477588999998,0.0074556489989,0.000267896980748,1.447017142,0.9071428970000001,0.00197814619442,0.0008477769404669999,30,2.354160039,5.78961417486e-05,0.00787365919605,0.000170717881203,0.36929616200000004,0.764285731,0.0006593820648080001,0.00150715900528,23,1.133581893,0.078639137,0.047233199999999996,0.035714287,2,3,1
right,cat,carbon,copy,6,25,4.84,1.78,39,7.45,3.14,46,11.88,7.43,True,0.00222216114509,0.00611104219159,9.09140603453e-05,3.691237014,0.91891892,0.0044272795779999995,0.000282592313489,50,4.610155934,0.00594639512062,0.007110210762,0.0,7.798672679,0.93548382,0.00631122833459,0.000282592313489,70,8.734156499,3.83333861888e-05,0.0079241313899,6.9057415091e-05,0.137858515,0.873333351,0.000470987189148,0.0011303692539600002,17,1.0111918659999999,0.000148578315574,0.00785206818395,0.000158986462191,2.8469223439999998,0.810606058,0.0016955538809300002,0.00122456669179,31,3.657528402,0.18924541,0.248950681,0.066342125,5,6,1
home,sea,bed,sick,3,16,5.03,1.56,38,7.63,2.48,10,5.83,2.77,True,0.00201544420643,0.0072510662736199995,0.00250818980833,4.502804512,0.768707487,0.00913715146948,0.00141296156745,112,5.2715119989999994,0.00078064199779,0.007208985960790001,0.0019145595961400001,3.424876399,0.838888906,0.006217030896760001,0.00141296156745,81,4.263765305,0.000705159119053,0.00757457698233,0.0011128874873499999,3.99568705,0.8661417240000001,0.00546345139412,0.00103617181613,69,4.861828774,0.00251079408987,0.00725912685888,0.000864477795672,8.870062046000001,0.8387096559999999,0.00847776940467,0.00122456669179,103,9.708771702,0.054421768,0.058556997,0.057337817,1,3,3
nuclear,feud,album,family,3,16,4.7,1.49,37,8.29,3.22,85,9.48,5.47,True,7.50363237502e-05,0.00803216360457,0.0006183487202459999,0.321500583,0.860927135,0.00103617181613,0.00141296156745,26,1.182427718,3.56802738226e-05,0.0077564225669,0.000585861031137,0.015151516,0.9040403570000001,9.41974378297e-05,0.0006593820648080001,8,0.9191918729999999,5.11674996912e-05,0.00795569913345,5.09899649335e-05,0.19415017199999998,0.926666674,0.000376789751319,0.000753579502638,12,1.1208168459999999,0.00047122136790599996,0.00741263932474,0.004366554842520001,2.489346849,0.873737368,0.00527505651846,0.00235493594574,81,3.363084217,0.072529304,0.065211791,0.085728947,4,1,3
sandwich,house,golf,club,4,16,5.31,1.29,36,7.01,2.96,82,9.1,4.95,True,0.00022419846600999998,0.00759679176639,0.000560508032561,2.148036643,0.879699256,0.00235493594574,0.0016955538809300002,43,3.0277358989999996,0.002466201171,0.00722674343467,0.00524587439182,11.149341792000001,0.842424217,0.0174265259985,0.00122456669179,198,11.991766009000001,0.000118061324536,0.00809379313984,0.000215638034787,0.5829613889999999,0.871621605,0.0016013564431,0.0013187641296200001,31,1.4545829940000001,0.000120274407876,0.007572725201260001,0.0016773533208800002,1.09614143,0.678082195,0.00235493594574,0.00207234363225,47,1.774223625,0.06392801,0.063087744,0.07287251,3,3,1
cross,rain,tie,bow,3,18,5.54,1.24,34,8.56,3.25,46,13.75,8.39,True,0.000235858970008,0.007523286642040001,0.0006634197317139999,0.799238291,0.748201448,0.00197814619442,0.0016955538809300002,39,1.547439739,0.000781068569271,0.00760156890762,0.0005664669189959999,4.9627419680000004,0.891025658,0.005746043707609999,0.0016955538809300002,79,5.853767626000001,0.000328322514353,0.007878898052,0.0007460454824099999,2.331632359,0.7702702770000001,0.0034853051996999998,0.0016013564431,54,3.101902636,0.00022337102766399998,0.00768320380349,0.000386728623704,1.162340975,0.779310341,0.00141296156745,0.0011303692539600002,27,1.941651316,0.021582734,0.07278071900000001,0.066370462,1,3,1
sage,paint,hair,brush,8,28,5.3,1.35,34,7.04,2.72,69,9.88,6.87,True,3.12345470421e-05,0.00754917820941,0.00030089048747,0.036150092,0.5782313029999999,0.00018839487565900002,0.0013187641296200001,16,0.614381395,0.00033690764002200003,0.00799671104329,0.0022076365326,1.603979186,0.878787854,0.00376789751319,0.00150715900528,56,2.48276704,0.0015083676972199999,0.00742406811158,0.00274685585547,8.719094833,0.8260869270000001,0.0107385079126,0.00178975131876,133,9.54518176,0.000829772212757,0.007640858621039999,0.0005568963173280001,2.455289194,0.913043475,0.00178975131876,0.000565184626978,25,3.368332669,0.034013607,0.048641588,0.052536232999999995,1,1,1
french,car,shoe,horn,9,29,4.9,1.49,34,6.88,2.57,69,12.58,8.71,True,8.25427419099e-05,0.00810514294437,0.000823914772749,0.522615762,0.7922077959999999,0.0016955538809300002,0.0016013564431,35,1.314823558,0.0038421345910599996,0.007415254475649999,0.008387906912520001,26.855135453000003,0.833333343,0.0243971363979,0.00235493594574,284,27.688468796,0.0008518361260930001,0.00779480949328,0.0007367455375349999,3.58254977,0.96153848,0.0028259231348899995,0.0013187641296200001,44,4.54408825,0.000204084636967,0.00773927311379,0.000905102936546,2.287898522,0.8758620709999999,0.00273172569706,0.00141296156745,44,3.163760593,0.058934474,0.04984991899999999,0.057692308,4,4,1
boot,summer,ground,camp,17,41,3.94,1.21,33,4.67,2.11,54,4.46,2.32,True,7.27877710949e-05,0.007905450879729999,0.00010521006339200001,0.16595802099999998,0.9189189409999999,0.000565184626978,0.00122456669179,19,1.084876962,0.0004590585652759999,0.00761053429365,0.000133429361772,1.471935705,0.88118811,0.0018839487565899997,0.0009419743782969999,30,2.353123815,0.00042815007129900004,0.0080707165414,0.000724929815588,1.3651794730000002,0.890909092,0.0036737000753599997,0.0013187641296200001,53,2.256088565,9.6385974546e-05,0.007554914532869999,0.00015668809795200001,0.86201711,0.781456962,0.0011303692539600002,0.00178975131876,31,1.6434740719999998,0.087188857,0.072845409,0.078671177,1,4,4
chamber,mask,natural,gas,7,26,3.93,1.13,33,5.86,2.25,44,5.27,4.9,True,3.17961916789e-05,0.0079794383615,4.45208238899e-05,0.08219178,0.740000015,9.41974378297e-05,0.00178975131876,20,0.822191795,8.73638840503e-05,0.0082547529319,0.000615375932524,0.74636643,0.8181818279999999,0.00150715900528,0.0011303692539600002,28,1.564548258,5.61105523353e-05,0.007428041956540001,0.00133019826986,0.272832607,0.6174496620000001,0.000565184626978,0.00235493594574,31,0.8902822690000001,0.000629475877274,0.00766995340242,0.000655326649915,3.6120566289999996,0.8589743670000001,0.00414468726451,0.0009419743782969999,54,4.4710309960000005,0.06609153599999999,0.044622066,0.039914048,1,3,2
mill,tooth,dust,saw,10,25,4.18,1.29,33,6.58,3.71,51,7.13,5.45,True,5.48320066623e-05,0.00799202702195,0.000129116601076,0.187265519,0.7414966070000001,0.000470987189148,0.00207234363225,27,0.928762126,0.000403100167154,0.00781943023811,0.00018270664601700002,1.70796956,0.876811592,0.0016013564431,0.0013187641296200001,31,2.5847811519999997,9.78602350794e-05,0.007673238229479999,0.00042624451542900004,1.05564707,0.81756758,0.00197814619442,0.00150715900528,37,1.87321465,0.000226869228282,0.00813913418726,0.000437070787134,0.731852878,0.829629623,0.0016013564431,0.00122456669179,30,1.561482501,0.032529375,0.069323671,0.040372656,1,3,3
pike,coat,signal,turn,4,16,4.61,1.71,33,6.8,3.58,64,12.55,9.68,True,3.01420971982e-05,0.0076911300176000005,2.67905854741e-05,0.020689655,0.668478245,9.41974378297e-05,0.00103617181613,12,0.6891679,0.00035504122693699996,0.00767635086698,0.000930056605428,2.876860246,0.864864862,0.0030143180105500003,0.0016013564431,49,3.7417251080000002,5.67807062848e-05,0.00793369037771,0.000411460442755,0.26455345399999997,0.84137933,0.000753579502638,0.00150715900528,24,1.1059327840000002,0.00018006655509700002,0.00725596493778,0.00125489800055,1.621969165,0.727777791,0.0028259231348899995,0.00197814619442,51,2.3497469559999997,0.063858086,0.034640274,0.048488882999999997,1,2,1
office,mail,hat,box,2,14,6.03,0.83,32,8.26,3.74,21,17.23,7.6,True,0.000171902654926,0.00786214640075,0.00185959851925,1.3220510890000001,0.7500000059999999,0.0031085154483800003,0.0016955538809300002,51,2.072051095,0.000317384699483,0.00785744360771,0.0010270937210800002,2.303188403,0.826086949,0.0018839487565899997,0.00141296156745,35,3.129275352,0.00035356009301400004,0.007799593342329999,0.000386702001724,2.281238548,0.7663043559999999,0.0030143180105500003,0.0011303692539600002,44,3.0475429039999997,0.00047987978015900007,0.00777052014614,0.000799631090355,3.277893557,0.714285719,0.00518085908063,0.00141296156745,70,3.9921792760000003,0.042063492,0.031808223999999996,0.010869565,3,1,1
fly,clip,wall,paper,9,34,5.09,1.53,32,7.29,3.21,49,11.02,7.49,True,0.00103049581458,0.007451648338680001,0.0056409889391,5.490081871,0.756345178,0.006028636021100001,0.00178975131876,83,6.246427048999999,8.03510966476e-05,0.0,0.0,0.117802685,0.0,0.000470987189148,0.0,5,0.117802685,0.00027411290435799997,0.007895383272890001,0.0027506273025799995,1.685091669,0.7820513040000001,0.00414468726451,0.00216654107008,67,2.467142973,0.0013935255057,0.00773250752804,0.00420427612885,11.401867346,0.8777778,0.015354182366200002,0.00141296156745,178,12.279645145999998,0.02538071,NaN,0.045075952,1,NaN,1
age,mile,sand,stone,11,27,5.02,1.25,32,8.35,2.83,44,16.61,8.67,True,0.00014635682416,0.00720870172489,0.00232400564244,0.884424909,0.862944148,0.00197814619442,0.0018839487565899997,41,1.7473690569999998,7.399316447499999e-05,0.00791561396711,0.00026077116420800004,0.85083768,0.898550706,0.0006593820648080001,0.00150715900528,23,1.749388386,0.0008040252041300001,0.007420264088589999,0.000683266417509,2.435800407,0.866141748,0.00329691032404,0.000753579502638,43,3.301942155,0.000554422975453,0.007228047987450001,0.0007784799275599999,2.468386653,0.842639562,0.00329691032404,0.0009419743782969999,45,3.311026215,0.07920947700000001,0.014492754,0.081315578,4,1,2
catcher,food,hot,dog,3,14,4.62,1.39,30,8.04,3.26,46,10.22,5.54,True,3.23245114769e-05,0.00802647998041,0.0,0.08783784,0.899999999,9.41974378297e-05,0.0009419743782969999,11,0.9878378390000001,0.00394956350398,0.006931149132600001,0.008800316872549998,24.351140426999997,0.7388888929999999,0.0305199698568,0.0016955538809300002,342,25.09002932,0.0045391002169,0.00740297575931,0.00125096238456,9.43744171,0.891891918,0.011963074604400001,0.000753579502638,135,10.329333627999999,0.00506525406676,0.0070428195279399995,0.00149114144755,13.240292685999998,0.8461538820000001,0.013564431047499999,0.000470987189148,149,14.086446568,0.047193676,0.046363755000000006,0.013513514,1,3,1
wagon,break,radio,station,13,19,5.36,1.2,30,7.88,3.31,51,14.57,8.77,True,8.40553196429e-05,0.008090055189209999,0.00016195924991299997,0.7532621829999999,0.885135142,0.0013187641296200001,0.00122456669179,27,1.638397325,0.000748079780597,0.007626651677540001,0.0031367258727700003,4.897271986,0.769230787,0.00744159758855,0.0024491333835700005,105,5.6665027729999995,0.000292951068028,0.00790279852486,0.000377544040741,1.4025592015000001,0.844594587,0.0022607385079099996,0.00122456669179,37,2.2471537885,0.000176985094631,0.00793225379747,0.00021065972460099997,0.7366857370000001,0.84482759,0.0013187641296200001,0.0009419743782969999,24,1.581513327,0.02027027,0.059103226,0.054685855,1,3,1
tank,hill,secret,top,2,15,5.81,0.59,30,10.13,3.1,38,11.2,5.82,True,7.82107133963e-05,0.00790525653887,0.000530531683528,0.267727706,0.8211381959999999,0.0009419743782969999,0.0013187641296200001,24,1.088865902,0.000374646077124,0.00741019930993,0.000678061820496,2.216990987,0.8750000309999999,0.0028259231348899995,0.0013187641296200001,44,3.0919910180000003,0.00014464923228799998,0.007686147384189999,0.0013637552751500001,1.646150025,0.77857144,0.0031085154483800003,0.0022607385079099996,57,2.424721465,0.00083272506345,0.006807017554319999,0.0009153612726869999,4.12198557,0.891891848,0.00612283345893,0.00103617181613,76,5.013877418,0.032520324,0.05263158,0.052663439,1,1,3
lift,card,mask,face,7,21,5.17,1.25,29,7.55,3.31,33,12.79,7.72,True,0.000177381579909,0.007771115784840001,0.001379604227,1.047195134,0.861111126,0.0024491333835700005,0.00197814619442,47,1.90830626,0.00021496630783000002,0.00802687709193,0.0019021448796500001,2.7203901085,0.8909090820000001,0.00292012057272,0.00197814619442,52,3.6112991905,8.73638840503e-05,0.0082547529319,0.000615375932524,0.74636643,0.8181818279999999,0.00150715900528,0.0011303692539600002,28,1.564548258,0.0008199613618980001,0.007889641147489999,0.00179372686772,3.948085936,0.850393695,0.00631122833459,0.0018839487565899997,87,4.798479631,0.048900772999999995,0.058174934,0.037847866,3,2,1
dress,dial,flower,sun,4,15,4.45,1.62,29,5.79,2.74,51,7.78,5.72,True,0.000360849617829,0.00748875539076,0.0010740327081199999,3.018649801,0.74803149,0.00518085908063,0.00141296156745,70,3.7666812910000003,5.27520473255e-05,0.008239049754840001,0.000405807709086,0.092647719,0.9285714540000001,0.000470987189148,0.0011303692539600002,17,1.021219173,0.000984672200608,0.00763789945996,0.00300976121504,9.041815738,0.88484849,0.004898266767140001,0.00197814619442,73,9.926664228,0.0017620178620599998,0.00772675900113,0.0007616237774739999,6.202974246,0.9055118329999999,0.0076299924642,0.0013187641296200001,95,7.1084860789999995,0.048976707,0.012987013,0.012121212,3,1,1
force,line,mail,air,10,27,3.94,1.25,28,7.52,4.06,28,13.9,7.76,True,9.65796097804e-05,0.00760024201228,0.000694873600616,0.728943248,0.696969693,0.00207234363225,0.0016013564431,39,1.425912941,0.000359209709751,0.00775176042027,0.00127899976608,2.8934834019999998,0.755905519,0.0064054257724200005,0.0016955538809300002,86,3.6493889210000003,0.000317384699483,0.00785744360771,0.0010270937210800002,2.303188403,0.826086949,0.0018839487565899997,0.00141296156745,35,3.129275352,0.0007260596247440001,0.007946506844640001,0.00225732202053,4.2206982360000005,0.8851351479999999,0.005746043707609999,0.0016013564431,78,5.105833383999999,0.048484847,0.052684969,0.010869565,1,3,1
guy,rain,down,fall,3,12,5.03,1.73,28,9.42,3.52,41,13.3,8.12,True,0.000172115785475,0.006867961499380001,0.000177000668389,0.970493718,0.8859060559999999,0.00207234363225,0.000753579502638,30,1.856399774,0.000781068569271,0.00760156890762,0.0005664669189959999,4.9627419680000004,0.891025658,0.005746043707609999,0.0016955538809300002,79,5.853767626000001,0.00212452456523,0.0068745967677799995,0.00153900332988,4.018399976,0.871621647,0.00753579502638,0.0009419743782969999,90,4.890021623,0.0009048694240289999,0.00765822951691,0.0030450486490100005,6.752212936,0.8389261790000001,0.00753579502638,0.0016013564431,97,7.591139115,0.067063813,0.043855395,0.02027027,3,2,1
eight,skate,stick,figure,4,16,4.66,1.22,28,5.78,2.65,59,5.55,4.18,True,9.24857119375e-05,0.0076805883343,0.000299763490333,0.5895013410000001,0.848275845,0.000753579502638,0.000753579502638,16,1.437777186,7.48852946686e-05,0.00780568136558,0.000321673379547,0.173031061,0.830985913,0.000565184626978,0.0013187641296200001,20,1.004016974,0.000331091196062,0.00768788597547,0.00230222442613,3.058909944,0.7865168579999999,0.00518085908063,0.0022607385079099996,79,3.845426802,0.000140812445882,0.00776412637994,0.00119649825129,1.066575832,0.691729314,0.00235493594574,0.00178975131876,44,1.7583051459999999,0.047996274000000005,0.06569449000000001,0.049132548,2,4,4
down,question,check,mark,9,21,4.86,1.52,28,7.92,3.37,54,11.35,7.1,True,0.00212452456523,0.0068745967677799995,0.00153900332988,4.018399976,0.871621647,0.00753579502638,0.0009419743782969999,90,4.890021623,0.000911908565519,0.00683897116303,0.000499876474015,3.0836752219999997,0.883561655,0.0050866616428,0.000565184626978,60,3.967236877,0.00034920673559300005,0.00774531707299,0.000892226772412,1.6386822509999999,0.7866666659999999,0.0034853051996999998,0.00122456669179,50,2.425348917,0.000143213033754,0.00794577637572,0.00043939133635600004,0.79803545,0.7428571629999999,0.00216654107008,0.0016955538809300002,41,1.540892613,0.063942969,0.04109589,0.06,4,1,1
animal,back,rat,pack,7,26,5.06,1.17,28,8.86,3.79,49,10.72,7.08,True,0.0014216508835100002,0.00693100058373,0.008806750517620001,11.744557604,0.8043478140000001,0.0146948003014,0.00263752825923,184,12.548905418,0.000737965997109,0.00741929123413,0.0025785960703800003,3.090974287,0.878378419,0.0044272795779999995,0.0011303692539600002,59,3.9693527060000005,0.0003659065580309999,0.007297651646949999,0.000892901195895,1.5634409830000002,0.871621613,0.00197814619442,0.00178975131876,40,2.435062596,5.21928692807e-05,0.00791788787814,0.000534959806135,0.282987373,0.817567583,0.00103617181613,0.00216654107008,34,1.1005549559999999,0.075421034,0.053112459,0.07551187499999999,4,4,4
pine,crab,sauce,apple,6,16,4.57,1.24,26,7.23,3.11,33,14.97,8.41,True,6.07884484499e-05,0.00767105371124,9.85456944982e-05,0.059937631,0.878378384,0.000376789751319,0.0006593820648080001,11,0.938316015,5.29007857792e-05,0.00765212402415,0.0005683703905369999,0.452916895,0.831081086,0.000753579502638,0.00197814619442,29,1.283997981,0.00011884350746500001,0.007649547331300001,0.000317493728749,0.8031627259999999,0.8848921000000001,0.00150715900528,0.00141296156745,31,1.688054826,0.0006648696894869999,0.00782535535937,0.00351677237959,2.810952157,0.89932886,0.0044272795779999995,0.0016013564431,64,3.710281017,0.039117379,0.046667374000000005,0.01438849,3,1,1
house,thumb,pepper,green,7,20,4.45,1.43,26,7.71,3.24,49,12.59,7.6,True,0.002466201171,0.00722674343467,0.00524587439182,11.149341792000001,0.842424217,0.0174265259985,0.00122456669179,198,11.991766009000001,0.000175431400135,0.007853392548520001,0.000152721422991,0.727631788,0.898648665,0.0008477769404669999,0.000753579502638,17,1.6262804530000001,0.00037438106363599997,0.00721242727281,9.93532278795e-05,1.087915135,0.9238578959999999,0.0009419743782969999,0.000565184626978,16,2.011773031,0.0023144135542600003,0.00766116392442,0.0038901855764999996,8.560756202,0.770833335,0.011868877166500001,0.0016013564431,143,9.331589537000001,0.033929849,0.083249358,0.06985720100000001,2,4,3
carpet,alert,ink,red,4,32,4.66,1.6,26,6.4,2.83,59,11.02,8.14,True,0.00013554123298299998,0.00773247339666,0.00046348866489399996,1.16433834,0.8482758570000001,0.0016955538809300002,0.0016013564431,35,2.012614197,0.00010701295018500002,0.0079048134523,0.00038926658576,0.633512355,0.763888888,0.0011303692539600002,0.00122456669179,25,1.397401243,0.00042409434335900005,0.00756623885158,0.00019080860181,1.017708668,0.953642384,0.00178975131876,0.0009419743782969999,29,1.971351052,0.00200169758203,0.00776664721936,0.00111465784899,8.734247452,0.8188976290000001,0.012716654106999998,0.0013187641296200001,149,9.553145081,0.033847550000000004,0.059030309,0.030051757,1,1,2
master,toss,finger,ring,4,26,4.85,1.85,26,7.83,2.73,51,14.68,7.17,True,5.3442258954e-05,0.0074721476333,0.000747057117635,0.311437321,0.71573604,0.0008477769404669999,0.0022607385079099996,33,1.027173361,0.000107182138385,0.00787148663776,0.00024983840458400004,0.423003181,0.963636343,0.000753579502638,0.00103617181613,19,1.386639524,0.0008064751128310002,0.00791813572821,0.000514114796106,2.596420149,0.838383848,0.00292012057272,0.0011303692539600002,43,3.434803997,0.000609030418988,0.00806173531752,0.0007086416010669999,4.007904133,0.872483213,0.00527505651846,0.00122456669179,69,4.880387346,0.04480081,0.036363635,0.065656565,3,1,1
hammer,gear,hunter,head,1,14,4.67,1.45,25,8.35,3.4,56,8.13,5.18,True,0.000666545335188,0.0076054346815,8.35575199816e-05,2.82389839,0.938888891,0.0018839487565899997,0.0006593820648080001,27,3.762787281,4.49005183327e-05,0.007592383354770001,0.000236092589115,0.372498614,0.705882384,0.000376789751319,0.00197814619442,25,1.0783809979999999,5.04086712516e-05,0.0,0.0,0.442133444,0.0,0.000470987189148,0.0,5,0.442133444,0.000944575056579,0.00786603013441,0.0013913001500399998,4.953282153,0.845360797,0.007253202712890001,0.00141296156745,92,5.79864295,0.011111111,0.026143791,NaN,1,1,NaN
knife,light,pal,pen,8,16,5.02,1.4,25,6.56,3.43,62,9.19,7.14,True,0.000616490088057,0.00791730021007,0.00083727900651,3.7611687110000003,0.929487176,0.00405048982668,0.00122456669179,56,4.690655887,0.0027161381661700004,0.00712349897489,0.0012504521299500002,9.901292601,0.847682122,0.00894875659382,0.0011303692539600002,107,10.748974723,0.000253368726465,0.00699792291643,4.30388670253e-06,0.3553695,0.944827593,0.000470987189148,0.000376789751319,9,1.300197093,0.00174048137942,0.0075842209505600005,0.0,3.7177827060000004,0.92028984,0.00405048982668,0.000376789751319,47,4.638072546,0.012820513,0.06668452700000001,0.03448276,1,3,1
foul,ground,mate,play,2,6,4.81,1.26,25,8.12,2.87,46,9.33,6.85,True,3.26607671845e-05,0.00777093221974,0.000307838824146,0.07339991900000001,0.78804346,0.000470987189148,0.00178975131876,24,0.861443379,0.00042815007129900004,0.0080707165414,0.000724929815588,1.3651794730000002,0.890909092,0.0036737000753599997,0.0013187641296200001,53,2.256088565,0.000117043449884,0.00738462567069,0.0003950169333540001,0.544339236,0.788732385,0.00122456669179,0.00178975131876,32,1.333071621,0.00120162009302,0.00782074950314,0.00293882251339,5.18368465,0.7248322009999999,0.00894875659382,0.00197814619442,116,5.908516851,0.04832454,0.06886700600000001,0.02112676,1,3,1
change,circuit,cake,short,8,26,4.11,1.62,25,5.9,3.03,41,10.07,9.38,True,0.000255060992922,0.0074208538769,0.00046481088988000005,3.244700209,0.645669278,0.004898266767140001,0.00141296156745,67,3.890369487,6.81772285486e-05,0.0,0.0,0.034346848,0.0,0.00018839487565900002,0.0,2,0.034346848,0.000573023431763,0.007741396120909999,0.000538127821708,4.863996117,0.836956502,0.00470987189148,0.00178975131876,69,5.700952619,0.00191193031253,0.006683354307399999,0.000315674560143,3.510263652,0.868055549,0.0032027128862100003,0.0008477769404669999,43,4.378319201,0.085213659,NaN,0.071827259,4,NaN,3
way,board,sleep,walk,11,25,5.15,1.25,25,7.85,3.5,64,11.45,8.44,True,0.000322167472575,0.00726214526985,0.000718190017752,2.001550119,0.7931034490000001,0.0034853051996999998,0.0013187641296200001,51,2.794653568,0.00029576144536900005,0.00772087033949,0.0018037988500000002,3.213364552,0.684210523,0.0030143180105500003,0.00197814619442,53,3.897575075,0.00199720172276,0.00764706717553,0.00019162500918500002,9.53020641,0.8571428609999999,0.00706480783723,0.0009419743782969999,85,10.387349271,0.0013317672558100001,0.00702011529414,0.00055656797958,3.84078561,0.759689946,0.00555764883195,0.0011303692539600002,71,4.600475556,0.063633364,0.019736841,0.060165009000000005,2,1,4
blank,list,mate,check,7,19,5.1,1.47,24,7.43,2.65,51,6.12,2.57,True,7.43179758769e-05,0.0076285825076800005,0.00035472900422099993,0.22887934,0.871794892,0.00103617181613,0.0016013564431,28,1.100674232,7.17186662965e-05,0.0077368421950899996,0.000339403617963,0.570482238,0.699300707,0.00178975131876,0.0013187641296200001,33,1.269782945,0.000117043449884,0.00738462567069,0.0003950169333540001,0.544339236,0.788732385,0.00122456669179,0.00178975131876,32,1.333071621,0.00034920673559300005,0.00774531707299,0.000892226772412,1.6386822509999999,0.7866666659999999,0.0034853051996999998,0.00122456669179,50,2.425348917,0.01923077,0.02097902,0.068525824,1,1,4
tail,water,flood,gate,8,16,4.75,1.66,24,7.48,2.52,36,10.23,7.47,True,0.000199299447108,0.00763506323858,0.0008871242263210001,1.2929678709999999,0.85616438,0.00216654107008,0.0016013564431,40,2.149132251,0.0054737487687200005,0.00732023399227,0.0031912964939600002,26.38968798,0.724637687,0.025998492840999997,0.0016955538809300002,294,27.114325667,3.59340293621e-05,0.00725352959627,0.000167647479555,0.163795582,0.858108086,0.000470987189148,0.0011303692539600002,17,1.021903668,4.78965907507e-05,0.0081334708685,0.00022323417296700001,0.248565062,0.865384631,0.0008477769404669999,0.0011303692539600002,21,1.113949693,0.01369863,0.079394376,0.063446924,1,5,4
marshal,child,piano,grand,8,26,4.72,1.21,24,6.58,2.28,38,8.4,6.22,True,2.92173645532e-05,0.0,0.0,0.014285714,0.0,9.41974378297e-05,0.0,1,0.014285714,0.00114592002515,0.0072805362121999995,0.000602091564702,5.595039916,0.797979793,0.0095139412208,0.00141296156745,116,6.393019709,0.000184032882542,0.00833131409617,0.000565246744931,1.381443314,0.878787894,0.00150715900528,0.0013187641296200001,30,2.260231208,8.97539454247e-05,0.00805622015727,0.000884799240102,0.600897488,0.8367347009999999,0.0008477769404669999,0.0016013564431,26,1.4376321890000001,NaN,0.064121636,0.052761163,NaN,3,4
cover,arm,wear,under,2,19,4.74,1.49,24,7.53,3.44,36,13.71,5.9,True,0.00022962092474700002,0.007932506013890001,0.00185449597316,1.950203057,0.7733333509999999,0.00376789751319,0.00216654107008,63,2.723536408,0.000926061769113,0.00764187918534,0.000181153697207,3.93860588,0.892857145,0.00405048982668,0.000565184626978,49,4.831463025,0.000262483945564,0.00741809715036,0.00175233412643,0.5943964860000001,0.810810805,0.0022607385079099996,0.00150715900528,40,1.405207291,0.0006866678337840001,0.0067875325536199994,0.000471825781506,1.6947106730000001,0.85810812,0.00178975131876,0.00103617181613,30,2.552818793,0.054158399999999995,0.08789794699999999,0.060995928000000005,3,4,4
rain,test,stomach,acid,1,12,5.85,0.92,22,8.65,3.56,31,13.64,7.7,True,0.000781068569271,0.00760156890762,0.0005664669189959999,4.9627419680000004,0.891025658,0.005746043707609999,0.0016955538809300002,79,5.853767626000001,0.000501754686637,0.00712836223767,0.00310330197737,4.240451671000001,0.8031496,0.00668801808591,0.0016013564431,88,5.043601271,0.00023687493063,0.00760278686954,0.0018458349557999999,2.363893972,0.8581560359999999,0.00207234363225,0.0016013564431,39,3.222050008,7.38153176506e-05,0.008128970235829999,0.00158652800047,0.446466255,0.850340135,0.00122456669179,0.00141296156745,28,1.29680639,0.07424784499999999,0.053978098,0.014184397,3,4,1
pile,market,room,stock,7,20,4.52,1.51,22,6.16,3.03,44,7.42,4.84,True,4.63245628072e-05,0.0074048565246300005,0.000404929183759,0.325642673,0.798611125,0.0006593820648080001,0.0018839487565899997,27,1.124253798,7.58367321918e-05,0.00743057029523,0.0007153503399269999,0.43731402,0.853333353,0.00122456669179,0.0013187641296200001,27,1.2906473729999999,0.0008031433686489999,0.007803411402489999,0.00165958758649,3.816990838,0.811023624,0.00744159758855,0.00207234363225,101,4.628014461999999,3.85546184753e-05,0.0072804045638999995,0.000497711219674,0.15037656900000002,0.738255021,0.000565184626978,0.00197814619442,27,0.88863159,0.086596618,0.013333334,0.083232209,5,1,4
mouse,bear,sand,trap,3,28,5.15,1.2,22,7.17,3.46,72,7.63,6.27,True,0.0019165636420099999,0.00730285736133,9.45790195373e-05,2.18555988,0.8840579559999999,0.0018839487565899997,0.0009419743782969999,30,3.0696178360000004,0.000209515544925,0.00722003928922,0.0016698636706199998,2.409035989,0.825,0.0025433308214,0.00263752825923,55,3.2340359889999997,0.0008040252041300001,0.007420264088589999,0.000683266417509,2.435800407,0.866141748,0.00329691032404,0.000753579502638,43,3.301942155,0.00010474139694399999,0.00775646955602,0.000468600084977,0.18800282399999999,0.757575775,0.0008477769404669999,0.0016955538809300002,27,0.9455785990000001,0.028985508,0.051958041999999996,0.096025036,1,3,5
cat,number,phone,call,1,14,5.77,1.14,21,9.45,2.82,54,11.74,7.0,True,0.00594639512062,0.007110210762,0.0,7.798672679,0.93548382,0.00631122833459,0.000282592313489,70,8.734156499,0.000647883158316,0.00797826069592,0.00219019913596,5.158245571,0.837837852,0.006217030896760001,0.0016013564431,83,5.996083422999999,0.0003709396117659999,0.00801738677113,0.00030416499096099994,2.298018463,0.882758632,0.0028259231348899995,0.0009419743782969999,40,3.180777095,0.000257590958128,0.007957839526270001,0.00045062137475199995,1.174092868,0.870748321,0.0024491333835700005,0.00141296156745,41,2.044841189,0.226815296,0.069817862,0.047066726,5,2,1
keg,puff,room,powder,9,16,4.85,1.98,21,8.27,3.95,62,6.44,4.33,True,4.59230700391e-05,0.00752266827242,3.93384118605e-05,0.094333359,0.957575774,0.000376789751319,0.000376789751319,8,1.0519091329999999,3.17352153521e-05,0.00783277870317,7.82686200337e-05,0.071227364,0.72602739,0.00018839487565900002,0.00141296156745,17,0.797254754,0.0008031433686489999,0.007803411402489999,0.00165958758649,3.816990838,0.811023624,0.00744159758855,0.00207234363225,101,4.628014461999999,4.01231822068e-05,0.00783989652802,0.000273931296125,0.20453131800000002,0.842857148,0.000753579502638,0.0016013564431,25,1.047388466,0.089325507,0.05479452,0.081509109,5,1,5
trip,house,goal,field,1,13,5.15,1.12,18,7.01,2.79,13,8.02,3.57,True,0.000390057694031,0.007767936694379999,0.00124422258673,3.15043122,0.770270285,0.00461567445365,0.0009419743782969999,59,3.920701505,0.002466201171,0.00722674343467,0.00524587439182,11.149341792000001,0.842424217,0.0174265259985,0.00122456669179,198,11.991766009000001,0.000176270803136,0.00792532999249,0.000542919778037,2.056533018,0.812080542,0.00273172569706,0.00197814619442,50,2.86861356,0.00022003885634599998,0.00763209675248,0.00466108267686,1.838558914,0.8527918720000001,0.00386209495102,0.0032027128862100003,75,2.691350786,0.05079636700000001,0.033929849,0.020134227,3,2,1
fork,dark,man,pitch,1,9,5.76,1.21,18,7.91,2.95,18,16.59,7.33,True,0.00043428784307099995,0.00779988574009,8.32558042127e-05,1.749439675,0.976377952,0.00122456669179,0.000753579502638,21,2.725817627,0.0023628915950300003,0.00718522329477,0.000932408213626,4.889897724,0.8722222159999999,0.00772418990203,0.000753579502638,90,5.76211994,0.00278437304169,0.006537052387890001,0.00620573874041,7.020901015,0.853333338,0.0161077618689,0.0008477769404669999,180,7.874234352999999,5.42980749758e-05,0.00797482951604,0.00012354373334600002,0.253534095,0.8194444590000001,0.0009419743782969999,0.0009419743782969999,20,1.072978554,0.098897659,0.060144928,0.08044478299999999,4,3,3
fence,card,master,post,1,12,4.98,1.44,18,6.33,2.66,13,18.69,11.21,True,0.00010090807211900001,0.00809657678068,0.000346103482829,1.116941993,0.8188976440000001,0.0013187641296200001,0.0018839487565899997,34,1.935839637,0.00021496630783000002,0.00802687709193,0.0019021448796500001,2.7203901085,0.8909090820000001,0.00292012057272,0.00197814619442,52,3.6112991905,5.3442258954e-05,0.0074721476333,0.000747057117635,0.311437321,0.71573604,0.0008477769404669999,0.0022607385079099996,33,1.027173361,5.64387417417e-05,0.00787496326655,0.000781417219309,0.28335397,0.7567567829999999,0.00103617181613,0.0013187641296200001,25,1.040110753,0.06388754399999999,0.012121212,0.057361081999999994,1,1,3
test,runner,map,road,2,6,5.82,0.82,18,8.98,4.2,44,10.98,7.76,True,0.000501754686637,0.00712836223767,0.00310330197737,4.240451671000001,0.8031496,0.00668801808591,0.0016013564431,88,5.043601271,5.90215372568e-05,0.00752933580437,0.0006173015890479999,0.318709711,0.836601342,0.0008477769404669999,0.0025433308214,36,1.155311053,0.00011341802316299998,0.007766838293600001,0.0009981068222899999,1.3122699629999999,0.818897632,0.0018839487565899997,0.00150715900528,36,2.131167595,0.000581664114716,0.00724217725314,0.00373312033383,4.941058443999999,0.853535354,0.00612283345893,0.0022607385079099996,89,5.794593797999999,0.050834191,0.019607844,0.026859142,3,1,1
dive,light,rocket,sky,2,8,4.92,1.8,18,7.19,3.01,21,8.87,5.6,True,0.00017299908477500002,0.007784774572489999,0.000150786892473,1.0539688729999999,0.860139868,0.0011303692539600002,0.0013187641296200001,26,1.914108741,0.0027161381661700004,0.00712349897489,0.0012504521299500002,9.901292601,0.847682122,0.00894875659382,0.0011303692539600002,107,10.748974723,6.57124583692e-05,0.0076975756432799995,9.61763383135e-05,0.544025775,0.854166696,0.0006593820648080001,0.0016955538809300002,25,1.398192471,0.0013812406202400001,0.00779068310146,0.00129468898606,2.738528058,0.911111095,0.00452147701583,0.0011303692539600002,60,3.6496391530000003,0.041485542,0.058328252000000004,0.041666668,2,3,1
man,glue,star,super,0,9,4.8,1.57,18,6.65,3.48,41,9.83,7.18,True,0.00278437304169,0.006537052387890001,0.00620573874041,7.020901015,0.853333338,0.0161077618689,0.0008477769404669999,180,7.874234352999999,0.00017877721043,0.00789340148594,7.93334992178e-05,1.4051369409999999,0.913907287,0.00141296156745,0.000753579502638,23,2.319044228,0.000551026346452,0.00787181448413,0.00123617831189,4.944173294,0.871794889,0.0048040693293100005,0.00150715900528,67,5.815968183,8.44602038873e-05,0.0067874674407799995,0.00021902790019,0.216969795,0.837837852,0.0006593820648080001,0.00103617181613,18,1.054807647,0.07229735600000001,0.060086958,0.052245797000000004,5,4,4
tooth,potato,heart,sweet,1,12,3.71,0.85,18,6.38,3.74,28,11.77,7.73,True,0.000403100167154,0.00781943023811,0.00018270664601700002,1.70796956,0.876811592,0.0016013564431,0.0013187641296200001,31,2.5847811519999997,0.000293190432116,0.008046063388039999,0.000737579692896,2.706731936,0.905405419,0.00216654107008,0.00216654107008,46,3.612137355,0.000326508080573,0.00808454791309,0.000614177943441,2.87485122,0.841269878,0.00395629238885,0.00150715900528,58,3.716121098,0.0012550714738599998,0.007631174598470001,0.0014215427188699998,4.819743723,0.85810808,0.00744159758855,0.0011303692539600002,91,5.677851802999999,0.06412303899999999,0.057330058,0.028693530000000002,3,3,2
illness,bus,computer,terminal,1,5,5.98,0.77,18,7.42,1.74,18,11.43,5.82,True,0.00014893874589200004,0.00720752428892,0.000103208977925,0.708540066,0.878378412,0.00216654107008,0.0006593820648080001,30,1.586918478,0.00032533649699,0.00768951700896,0.000401912026071,0.917974159,0.8267716540000001,0.0016955538809300002,0.0016013564431,35,1.7447458130000002,0.000237689438373,0.00766401576471,0.00224297277352,3.161417595,0.816326531,0.0036737000753599997,0.0031085154483800003,72,3.977744126,3.45810813805e-05,0.00788838680307,6.23486762309e-05,0.036712511,0.804054067,0.00018839487565900002,0.0013187641296200001,16,0.840766578,0.103739898,0.08524554899999999,0.020408163,5,4,1
type,ghost,screen,writer,1,18,5.2,1.2,18,8.02,2.58,54,9.37,7.08,True,9.10513678278e-05,0.00783099076709,0.00041236559006199995,0.617164466,0.7959183679999999,0.00150715900528,0.00150715900528,32,1.4130828340000001,0.00019069033302,0.00763841176992,0.00198304907567,2.899532747,0.830303028,0.00292012057272,0.0022607385079099996,55,3.729835775,8.05813360595e-05,0.007923627864989999,0.000752230655671,0.158577464,0.7583892459999999,0.000753579502638,0.00150715900528,24,0.91696671,9.00560878418e-05,0.007777958836140001,0.00105143508443,1.149350044,0.818181816,0.0013187641296200001,0.00178975131876,33,1.96753186,0.066292769,0.012121212,0.059800315,1,1,4
mail,board,lung,black,0,5,5.28,0.94,17,7.47,3.69,18,14.67,9.22,True,0.000317384699483,0.00785744360771,0.0010270937210800002,2.303188403,0.826086949,0.0018839487565899997,0.00141296156745,35,3.129275352,0.00029576144536900005,0.00772087033949,0.0018037988500000002,3.213364552,0.684210523,0.0030143180105500003,0.00197814619442,53,3.897575075,8.77209396425e-05,0.00813639994502,8.1853713287e-05,0.265324513,0.927536219,0.0008477769404669999,0.00103617181613,20,1.192860732,0.00320136224321,0.007296947560509999,0.00147361531097,6.822736172000001,0.878571422,0.012151469479999998,0.0009419743782969999,139,7.701307594,0.047615402,0.013157895,0.055049495000000004,3,1,3
teeth,arrest,start,false,6,12,5.34,1.36,17,6.87,3.95,44,11.46,7.67,True,0.000570489184671,0.0077058436994700006,0.00117361222283,5.2054419560000005,0.881944451,0.00395629238885,0.00150715900528,58,6.087386407,4.4947851444e-05,0.0079007705914,0.00014815131649200002,0.187794378,0.805194808,0.000753579502638,0.0009419743782969999,18,0.992989186,0.000798777230172,0.007469387085580001,0.000150281074861,1.971524382,0.95652173,0.00235493594574,0.0009419743782969999,35,2.928046112,0.00027921127870099996,0.00738581320132,5.08036110763e-05,1.875888985,0.9256756740000001,0.00263752825923,0.000376789751319,32,2.801564659,0.06758555,0.08640579300000001,0.08802652999999999,3,4,5
iron,shovel,engine,steam,6,16,4.27,1.43,17,6.98,1.99,49,9.22,6.28,True,0.000166863580814,0.0076183519398,0.00217636458056,1.457402794,0.873737366,0.0024491333835700005,0.00216654107008,49,2.33114016,0.000111960391271,0.0078854211725,0.00017175613840699999,1.147159997,0.830985904,0.00122456669179,0.00122456669179,26,1.978145901,0.00018293616042200004,0.00753667278455,0.00104959816784,0.878494793,0.836956522,0.0018839487565899997,0.00150715900528,36,1.715451315,0.00013155662219100001,0.007736087084479999,0.000508772652199,0.289556489,0.827586212,0.000753579502638,0.0016955538809300002,26,1.117142701,0.056797235,0.084913155,0.036574618,2,4,2
wet,law,business,suit,10,16,4.67,1.25,17,8.27,3.43,59,11.24,8.46,True,0.00160421514456,0.00739392619526,0.0012804994709300001,5.426890566,0.912162162,0.00593443858327,0.00103617181613,74,6.3390527279999995,0.00045575736703400003,0.007852585821479999,0.00030017169402,3.528293381,0.824742242,0.006499623210249999,0.0013187641296200001,83,4.353035623,0.000139795596267,0.007564042648729999,0.00076078074812,1.774213086,0.7253521270000001,0.0034853051996999998,0.00197814619442,58,2.4995652130000003,0.00011396099329100002,0.0077046139192,0.000860280396888,0.891588108,0.7702702779999999,0.00216654107008,0.00197814619442,44,1.661858386,0.053963369,0.073110636,0.03521127,4,3,1
rope,truck,line,tow,4,16,4.67,1.51,17,7.56,2.96,21,14.58,6.94,True,0.00028577683412900004,0.00791794538354,0.00119657811723,1.990191073,0.7247191009999999,0.0028259231348899995,0.00197814619442,51,2.714910174,0.000613605745979,0.00748681883118,0.0007788615092669999,1.878560319,0.817567555,0.0028259231348899995,0.0016013564431,47,2.6961278739999996,0.000359209709751,0.00775176042027,0.00127899976608,2.8934834019999998,0.755905519,0.0064054257724200005,0.0016955538809300002,86,3.6493889210000003,3.54233523637e-05,0.00745559129511,0.00023332390323700002,0.120711351,0.87671231,0.000470987189148,0.00122456669179,18,0.9974236609999999,0.046207405,0.024812949,0.070741162,3,2,4
off,military,first,base,1,12,4.81,1.68,16,8.13,3.88,31,11.36,8.72,True,0.0007363347375489998,0.00566702628125,1.50059225031e-05,1.77818977,0.917241355,0.0028259231348899995,0.00018839487565900002,32,2.695431125,9.06722989146e-05,0.007650841901220001,0.000686163776289,0.8756693809999999,0.755395687,0.00216654107008,0.00178975131876,42,1.631065068,0.00048581941271900005,0.0073151415575200005,0.0010108720615100001,2.947762721,0.83695652,0.00339110776187,0.00103617181613,47,3.7847192410000003,6.03458850159e-05,0.00790581272644,0.0007788703832610001,0.491540801,0.769736843,0.000753579502638,0.0018839487565899997,28,1.261277644,0.111436764,0.01438849,0.072528252,5,1,3
spoon,cloth,card,table,1,6,4.63,1.6,16,8.84,3.22,26,13.8,10.55,True,0.00030059945704,0.007731673561720001,0.00025600582985900005,1.082056697,0.937007875,0.00150715900528,0.0011303692539600002,28,2.019064572,0.00019618705145599998,0.007489619163789999,0.00137358322262,1.791153859,0.8909091,0.00386209495102,0.00197814619442,62,2.682062959,0.00021496630783000002,0.00802687709193,0.0019021448796500001,2.7203901085,0.8909090820000001,0.00292012057272,0.00197814619442,52,3.6112991905,0.0004484326322180001,0.007565621182520001,0.000973410499212,1.873714506,0.916666654,0.0042388847023400004,0.0009419743782969999,55,2.79038116,0.046068268999999995,0.012121212,0.018181818,3,1,1
cut,cream,war,cold,1,12,3.85,1.3,14,7.85,4.05,31,13.94,9.32,True,0.00110396379508,0.00795945575429,0.0025020933749999997,6.208900797999999,0.810055867,0.0076299924642,0.00197814619442,102,7.018956665,0.000328946716535,0.0077814593194499996,0.000389941009243,0.9394199990000001,0.837837815,0.0018839487565899997,0.0013187641296200001,34,1.7772578140000002,0.0005400642051679999,0.00761929989321,0.0034093926248600004,4.748147001,0.846938787,0.00678221552374,0.00178975131876,91,5.595085788,0.0060097610609,0.00735634573569,0.005737191899390001,13.783359425999999,0.8532608540000001,0.012999246420499998,0.00178975131876,157,14.63662028,0.036077398,0.027027028,0.045475389000000005,3,2,2
note,chain,master,key,0,6,5.89,0.57,14,8.08,4.39,26,12.68,5.3,True,0.000232216006395,0.00803957170617,0.000901797374079,0.564263909,0.888888883,0.00141296156745,0.00150715900528,31,1.4531527919999998,0.000151315887042,0.00826429935502,0.000489019143333,1.08970929,0.8044692609999999,0.00207234363225,0.0013187641296200001,36,1.894178551,5.3442258954e-05,0.0074721476333,0.000747057117635,0.311437321,0.71573604,0.0008477769404669999,0.0022607385079099996,33,1.027173361,0.000167980149385,0.00829340867263,0.000109043628455,1.11665782,0.9151515179999999,0.0011303692539600002,0.0008477769404669999,21,2.031809338,0.020833334,0.074849315,0.066611598,1,2,2
shock,shave,taste,after,1,7,4.12,1.54,13,7.6,3.42,31,10.84,7.93,True,8.50313236275e-05,0.007647784798560001,0.00045934451006900004,0.8718678409999999,0.7605633690000001,0.00141296156745,0.00178975131876,34,1.63243121,9.92267217826e-05,0.007967252127209999,9.76405471917e-05,0.689205452,0.876712345,0.00122456669179,0.0011303692539600002,25,1.5659177969999998,0.00048539175313499995,0.007564653822960001,0.0007480776268530002,1.506065345,0.889763796,0.0028259231348899995,0.00141296156745,45,2.395829141,0.00018712975080200002,0.00727059114658,0.000217111117658,1.201725124,0.9025974290000001,0.00122456669179,0.0009419743782969999,23,2.1043225530000003,0.05696499199999999,0.102006111,0.06151765000000001,4,4,4
wise,work,tower,clock,3,11,4.85,1.41,13,9.04,3.92,13,13.32,7.85,True,9.51083169109e-05,0.0074221870765300004,0.000684690693417,0.453025193,0.878787911,0.00141296156745,0.0009419743782969999,25,1.331813104,0.00178523224718,0.0076611764289,0.00663574582896,9.661151061,0.7687074979999999,0.0184626978146,0.00178975131876,215,10.429858559,6.87677692519e-05,0.00716840368987,0.00050669613779,0.324159142,0.779527568,0.0006593820648080001,0.0018839487565899997,27,1.10368671,0.000732815352713,0.007453905292869999,0.00019298273014400002,2.104752219,0.9695121655,0.0018839487565899997,0.0006593820648080001,27,3.0742643844999997,0.080941475,0.054329840000000004,0.076661329,4,3,3
grass,king,meat,crab,3,9,5.16,1.21,13,6.79,2.29,23,14.2,6.8,True,0.0010990856866199999,0.007666756661489999,0.00109067588237,3.920365354,0.8260869559999999,0.0050866616428,0.0013187641296200001,68,4.74645231,0.0007130846461989998,0.006868316351020001,0.000507308443321,5.2376985000000005,0.9291338440000001,0.00433308214017,0.000753579502638,54,6.1668323439999995,0.000395434424239,0.00781050630834,0.00222814433088,4.496237964,0.8791946270000001,0.0064054257724200005,0.0016013564431,85,5.375432591,5.29007857792e-05,0.00765212402415,0.0005683703905369999,0.452916895,0.831081086,0.000753579502638,0.00197814619442,29,1.283997981,0.067923155,0.09059183300000001,0.07384655,3,5,3
baby,spring,cap,shower,7,16,4.62,1.45,13,7.99,3.33,28,7.58,5.56,True,0.00109103186193,0.00735565646629,0.0017940463314700002,8.222603719,0.83333335,0.00838357196684,0.00178975131876,108,9.055937069,0.000410523563489,0.007719616425560001,0.0005411183574169999,0.8526262059999999,0.8169014179999999,0.0016013564431,0.0013187641296200001,31,1.669527624,0.00013884694567299998,0.00777466926119,0.00011453663024700002,0.754920096,0.929133885,0.00178975131876,0.000565184626978,25,1.684053981,0.000266402792377,0.007966793644609999,0.0008906915715880001,1.327948849,0.902173895,0.00178975131876,0.0016013564431,36,2.230122744,0.07768902600000001,0.06725682200000001,0.073153675,3,2,4
break,bean,cake,coffee,6,18,4.92,1.88,12,8.31,4.09,33,14.04,6.9,True,0.000748079780597,0.007626651677540001,0.0031367258727700003,4.897271986,0.769230787,0.00744159758855,0.0024491333835700005,105,5.6665027729999995,0.000113656097374,0.00784881752438,0.00070981296817,0.502204092,0.813333338,0.0011303692539600002,0.00178975131876,31,1.31553743,0.000573023431763,0.007741396120909999,0.000538127821708,4.863996117,0.836956502,0.00470987189148,0.00178975131876,69,5.700952619,0.000304330618209,0.007763506781999999,0.00020824599844999997,2.296057024,0.91878172,0.00263752825923,0.00122456669179,41,3.2148387439999997,0.053980570000000005,0.06394538699999999,0.085287572,2,3,2
cry,front,ship,battle,2,9,4.7,1.59,11,8.2,2.87,18,13.69,9.78,True,0.00179716052769,0.0074263489544300005,0.000507619033083,4.9505389289999995,0.884057965,0.00433308214017,0.0013187641296200001,60,5.834596894,0.000564762651378,0.00739308594834,0.000142534078796,1.627644061,0.8611111370000001,0.00150715900528,0.000470987189148,21,2.4887551980000002,0.000464613143465,0.00724701699833,0.000345233831496,4.835484921,0.8661417840000001,0.00470987189148,0.0008477769404669999,59,5.701626705,6.9064512038e-05,0.00764415247957,0.00167651916552,0.317422142,0.8775510259999999,0.00141296156745,0.00141296156745,30,1.194973168,0.061773075999999996,0.071623736,0.049522362,4,3,3
hold,print,stool,foot,3,15,4.48,1.34,11,8.51,4.2,41,8.62,4.33,True,0.000438045712519,0.007643785696609999,0.0017025732095599998,3.955429192,0.6959459509999999,0.00593443858327,0.0016013564431,80,4.651375143,0.00027694422274400005,0.007837408428359999,0.000377437552822,0.609926205,0.868055558,0.00122456669179,0.0011303692539600002,25,1.477981763,9.30799444151e-05,0.007765127668989999,0.000188519111564,0.171645455,0.918367347,0.000376789751319,0.00150715900528,20,1.090012802,0.00108394780224,0.00781948037148,4.31187329642e-05,3.935794964,0.918367339,0.0036737000753599997,0.0008477769404669999,48,4.854162303,0.064392689,0.07463503,0.020408163,2,4,1
roll,bean,fish,jelly,0,11,4.39,1.51,11,4.03,1.42,26,13.24,6.16,True,0.00045952702790499997,0.00734099056449,0.00170217831686,1.4573492630000002,0.682758619,0.0028259231348899995,0.0018839487565899997,50,2.1401078819999997,0.000113656097374,0.00784881752438,0.00070981296817,0.502204092,0.813333338,0.0011303692539600002,0.00178975131876,31,1.31553743,0.0007893699084330001,0.00740481877262,0.0032694675000599998,11.46976022,0.82424242,0.00847776940467,0.0022607385079099996,114,12.29400264,0.000278650563808,0.00734979341528,9.30704406932e-05,1.910639217,0.840425522,0.00150715900528,0.00103617181613,27,2.751064739,0.05741473,0.013333334,0.041202577,2,1,3
horse,human,drag,race,8,32,5.03,1.37,11,7.39,2.01,56,12.14,6.67,True,0.00111421669157,0.00751019438388,0.0023234243958899998,10.956863343,0.8363636190000001,0.00744159758855,0.00150715900528,95,11.793226962,0.00032569440914,0.00724770986633,0.0017243056189100003,0.8853465970000001,0.829629623,0.0016013564431,0.00150715900528,33,1.71497622,3.64676411187e-05,0.007816578198959999,0.000110108507639,0.061864407999999996,0.777027024,0.00018839487565900002,0.0011303692539600002,14,0.838891432,0.00023697545133400004,0.00777392236516,0.00124440894058,1.2355229505,0.884057978,0.0028259231348899995,0.0016013564431,47,2.1195809285,0.036363635,0.064301318,0.031381381,1,3,1
oil,bar,tuna,salad,1,7,6.12,1.01,11,9.63,2.88,41,17.05,7.2,True,0.000232233624666,0.00793314845493,0.00089593610157,2.8403259210000003,0.8445945909999999,0.0036737000753599997,0.0016013564431,56,3.6849205119999997,0.00034121742746599993,0.007656055500890001,0.000817516623651,2.848190795,0.868965523,0.00433308214017,0.00122456669179,59,3.7171563180000002,4.0183271306999996e-05,0.0075082524283,5.41579805063e-05,0.127015445,0.9452055,0.000565184626978,0.000470987189148,11,1.072220945,0.00019018963893700002,0.008038985500899999,0.0005148690855280001,1.815078985,0.897637791,0.0031085154483800003,0.00141296156745,48,2.712716776,0.041099721000000006,0.06756046,0.020547945,2,4,1
line,fruit,drunk,punch,1,4,5.06,0.27,9,6.91,2.2,10,16.24,3.37,True,0.000359209709751,0.00775176042027,0.00127899976608,2.8934834019999998,0.755905519,0.0064054257724200005,0.0016955538809300002,86,3.6493889210000003,0.000776270739512,0.00775158067677,0.00161456981898,6.0397315460000005,0.815217407,0.004898266767140001,0.0016013564431,69,6.854948952999999,0.0007445814084969999,0.0074966886470299995,0.00145871587639,4.462575387,0.734265738,0.00433308214017,0.00178975131876,65,5.196841125,9.75417760383e-05,0.00781624095702,0.000468484723066,0.560906339,0.836734689,0.0016013564431,0.0018839487565899997,37,1.3976410280000002,0.068198744,0.071023911,0.06465467899999999,4,4,4
fight,control,machine,gun,0,9,5.93,0.94,8,8.7,3.09,28,13.92,6.28,True,0.000697771252957,0.00765144474648,0.00427210449588,7.7943512329999995,0.743243242,0.00847776940467,0.0022607385079099996,114,8.537594475,9.94715858612e-05,0.00708812474804,0.00288068454693,1.007498533,0.53378379,0.00376789751319,0.00216654107008,63,1.5412823230000001,0.00017635233954799997,0.00781613941232,0.00143841661694,1.8293382759999999,0.682432438,0.0036737000753599997,0.0016013564431,56,2.511770714,0.000700805992039,0.007224841970970001,0.00184589707375,7.365274595,0.867469877,0.00744159758855,0.0016955538809300002,97,8.232744472,0.029386531,0.051367065,0.02027027,2,3,1
home,arm,room,rest,0,5,5.11,2.09,8,9.9,2.32,21,13.48,7.1,True,0.00201544420643,0.0072510662736199995,0.00250818980833,4.502804512,0.768707487,0.00913715146948,0.00141296156745,112,5.2715119989999994,0.000926061769113,0.00764187918534,0.000181153697207,3.93860588,0.892857145,0.00405048982668,0.000565184626978,49,4.831463025,0.0008031433686489999,0.007803411402489999,0.00165958758649,3.816990838,0.811023624,0.00744159758855,0.00207234363225,101,4.628014461999999,0.000493387213419,0.007689232143220001,0.0009824664092739999,0.785538333,0.9090909009999999,0.00263752825923,0.00122456669179,41,1.694629234,0.054149710000000004,0.07159864099999999,0.029261545,3,3,2
nose,stone,bear,brown,1,2,6.83,0.24,7,9.36,2.79,26,16.11,9.12,True,0.0006734548132,0.00796419782421,0.0015669076015,2.8521267810000004,0.858108098,0.00461567445365,0.00141296156745,64,3.7102348789999997,0.000554422975453,0.007228047987450001,0.0007784799275599999,2.468386653,0.842639562,0.00329691032404,0.0009419743782969999,45,3.311026215,0.000209515544925,0.00722003928922,0.0016698636706199998,2.409035989,0.825,0.0025433308214,0.00263752825923,55,3.2340359889999997,0.000279743956601,0.007384309333479999,0.00109811228867,1.291300157,0.87162164,0.00339110776187,0.0018839487565899997,56,2.162921797,0.067314366,0.053123105000000004,0.025,3,3,1
lounge,hour,napkin,cocktail,0,5,5.05,1.44,5,12.55,1.86,10,7.82,2.96,True,3.38270733467e-05,0.0078428552204,3.65342300089e-05,0.10022294400000001,0.804054047,0.000376789751319,0.0013187641296200001,18,0.9042769909999999,0.00016504632781799998,0.00750875335416,7.44084329912e-05,0.388797579,0.924137937,0.0006593820648080001,0.000753579502638,15,1.312935516,4.16027162626e-05,0.00779653427687,0.000104429151991,0.342643889,0.8791946070000001,0.000565184626978,0.00178975131876,25,1.221838496,4.3199608326000004e-05,0.007383621672930001,0.000181712758779,0.094903181,0.80666669,0.00018839487565900002,0.00122456669179,15,0.901569871,0.07414053,0.076922774,0.04767046,5,4,3
artist,hatch,route,escape,2,2,3.5,0.26,5,9.22,4.42,15,9.42,7.83,True,0.00011621445646399999,0.0077919172716200006,0.00113942960101,0.986636442,0.862944168,0.00197814619442,0.0011303692539600002,33,1.84958061,2.95209307034e-05,0.007643039725680001,1.56359760203e-05,0.020408163,0.81756755,9.41974378297e-05,0.00103617181613,12,0.837975713,3.69972003485e-05,0.0,0.0,0.050928664000000005,0.0,0.000282592313489,0.0,3,0.050928664000000005,0.000128320657256,0.0075353118071,0.00022153036627200004,0.384341913,0.80821916,0.0011303692539600002,0.00178975131876,31,1.192561073,0.09681888799999999,0.013513514,NaN,4,1,NaN
pet,bottom,garden,rock,7,6,5.56,0.8,5,10.94,3.16,19,8.95,6.82,True,6.1710897759e-05,0.00700934096533,0.00047485625018400004,0.315821225,0.917808215,0.0006593820648080001,0.00103617181613,18,1.23362944,0.0006157497207259999,0.00687203789022,0.00029731870520599996,1.081648187,0.83108113,0.00103617181613,0.00141296156745,26,1.912729317,0.000144822406403,0.00784148015489,0.0011024250493699998,1.055643946,0.94701986,0.00263752825923,0.0013187641296200001,42,2.002663806,0.00134642805527,0.007294703813490001,0.00127576963256,5.115414599,0.8205128490000001,0.006028636021100001,0.00122456669179,77,5.935927447999999,0.0579544,0.060535293,0.057527777,3,3,4
mate,shoes,total,running,0,4,6.11,1.54,5,5.79,3.47,10,23.47,5.17,True,0.000117043449884,0.00738462567069,0.0003950169333540001,0.544339236,0.788732385,0.00122456669179,0.00178975131876,32,1.333071621,0.00044322525023300006,0.00739889624804,0.000462450407689,4.709923567,0.8428571490000001,0.0034853051996999998,0.0011303692539600002,49,5.552780716,5.83685022079e-05,0.007966582495479999,4.93837721641e-05,0.385624116,0.772357715,0.0006593820648080001,0.000565184626978,13,1.1579818309999999,3.20310206524e-05,0.007175478965149999,0.000253050790123,0.053524185999999994,0.844155853,0.000376789751319,0.0016013564431,21,0.897680039,0.075455147,0.078151902,0.084158314,5,4,5
self,attorney,spending,defense,1,4,4.0,2.01,4,8.42,4.83,10,13.28,3.74,True,0.000148798387957,0.006812275188410001,0.00166051491878,1.333561919,0.7777777770000001,0.00216654107008,0.00122456669179,36,2.111339696,7.00784634348e-05,0.00783225335742,4.62867485369e-05,0.23591368399999998,0.782894723,0.000470987189148,0.0011303692539600002,17,1.018808407,2.91800283448e-05,0.0,0.0,0.01369863,0.0,9.41974378297e-05,0.0,1,0.01369863,6.44218258621e-05,0.00753667570998,0.000170842117108,0.672311287,0.79310345,0.000282592313489,0.0016955538809300002,21,1.465414737,0.075550311,0.07291635199999999,NaN,5,4,NaN
board,blade,back,switch,1,6,5.74,1.46,4,10.8,3.24,29,16.14,9.45,True,0.00029576144536900005,0.00772087033949,0.0018037988500000002,3.213364552,0.684210523,0.0030143180105500003,0.00197814619442,53,3.897575075,0.00016066549071299999,0.00794278527837,9.48896092994e-05,0.743972745,0.9606299340000001,0.00122456669179,0.0008477769404669999,22,1.704602679,0.000737965997109,0.00741929123413,0.0025785960703800003,3.090974287,0.878378419,0.0044272795779999995,0.0011303692539600002,59,3.9693527060000005,0.000108999492551,0.00752929766582,0.000746755401866,0.43087139,0.864864848,0.0013187641296200001,0.000753579502638,22,1.295736238,0.06492508500000001,0.03937008,0.054108185,4,1,3
